path,annotations
/Users/rchaves/Projects/dobble/custom_pics/IMG_3430.jpg,'[{"label":"zebra","type":"rectangle","coordinates":{"x":429,"y":1137,"width":127,"height":143}},{"label":"baby bottle","type":"rectangle","coordinates":{"x":352,"y":983,"width":127,"height":116}},{"label":"ice","type":"rectangle","coordinates":{"x":453,"y":854,"width":215,"height":175}},{"label":"moon","type":"rectangle","coordinates":{"x":668,"y":936,"width":175,"height":152}},{"label":"anchor","type":"rectangle","coordinates":{"x":634,"y":847,"width":109,"height":131}},{"label":"bomb","type":"rectangle","coordinates":{"x":501,"y":1005,"width":147,"height":140}},{"label":"heart","type":"rectangle","coordinates":{"x":690,"y":1065,"width":56,"height":61}},{"label":"dog","type":"rectangle","coordinates":{"x":589,"y":1125,"width":128,"height":122}},{"label":"igloo","type":"rectangle","coordinates":{"x":358,"y":363,"width":79,"height":119}},{"label":"dragon","type":"rectangle","coordinates":{"x":402,"y":239,"width":86,"height":105}},{"label":"horse","type":"rectangle","coordinates":{"x":478,"y":325,"width":89,"height":135}},{"label":"locker","type":"rectangle","coordinates":{"x":430,"y":477,"width":99,"height":80}},{"label":"dog","type":"rectangle","coordinates":{"x":587,"y":464,"width":176,"height":160}},{"label":"man","type":"rectangle","coordinates":{"x":646,"y":345,"width":151,"height":96}},{"label":"flash","type":"rectangle","coordinates":{"x":606,"y":224,"width":177,"height":86}},{"label":"turtle","type":"rectangle","coordinates":{"x":477,"y":165,"width":121,"height":76}}]'
/Users/rchaves/Projects/dobble/custom_pics/IMG_3431.jpg,'[{"label":"clown","type":"rectangle","coordinates":{"x":579,"y":825,"width":127,"height":117}},{"label":"scissors","type":"rectangle","coordinates":{"x":415,"y":827,"width":125,"height":130}},{"label":"skull","type":"rectangle","coordinates":{"x":478,"y":984,"width":183,"height":139}},{"label":"dolphin","type":"rectangle","coordinates":{"x":330,"y":964,"width":91,"height":125}},{"label":"locker","type":"rectangle","coordinates":{"x":666,"y":956,"width":86,"height":114}},{"label":"clock","type":"rectangle","coordinates":{"x":603,"y":1108,"width":118,"height":124}},{"label":"yin yang","type":"rectangle","coordinates":{"x":489,"y":1153,"width":79,"height":82}},{"label":"ice","type":"rectangle","coordinates":{"x":380,"y":1098,"width":136,"height":96}},{"label":"dog","type":"rectangle","coordinates":{"x":603,"y":510,"width":168,"height":151}},{"label":"man","type":"rectangle","coordinates":{"x":645,"y":392,"width":142,"height":87}},{"label":"flash","type":"rectangle","coordinates":{"x":602,"y":287,"width":162,"height":79}},{"label":"dragon","type":"rectangle","coordinates":{"x":406,"y":313,"width":85,"height":98}},{"label":"igloo","type":"rectangle","coordinates":{"x":376,"y":434,"width":79,"height":112}},{"label":"locker","type":"rectangle","coordinates":{"x":453,"y":538,"width":100,"height":71}},{"label":"horse","type":"rectangle","coordinates":{"x":485,"y":387,"width":85,"height":124}},{"label":"turtle","type":"rectangle","coordinates":{"x":471,"y":239,"width":115,"height":65}}]'
/Users/rchaves/Projects/dobble/custom_pics/IMG_3432.jpg,'[{"label":"mouth","type":"rectangle","coordinates":{"x":565,"y":1214,"width":150,"height":75}},{"label":"baby bottle","type":"rectangle","coordinates":{"x":422,"y":1187,"width":88,"height":195}},{"label":"ladybug","type":"rectangle","coordinates":{"x":368,"y":1051,"width":179,"height":133}},{"label":"target","type":"rectangle","coordinates":{"x":525,"y":1044,"width":84,"height":91}},{"label":"carrot","type":"rectangle","coordinates":{"x":372,"y":888,"width":78,"height":141}},{"label":"scissors","type":"rectangle","coordinates":{"x":493,"y":862,"width":117,"height":156}},{"label":"man","type":"rectangle","coordinates":{"x":631,"y":903,"width":116,"height":140}},{"label":"cat","type":"rectangle","coordinates":{"x":655,"y":1049,"width":162,"height":151}},{"label":"baby bottle","type":"rectangle","coordinates":{"x":437,"y":457,"width":63,"height":161}},{"label":"candle","type":"rectangle","coordinates":{"x":357,"y":376,"width":131,"height":72}},{"label":"lamp","type":"rectangle","coordinates":{"x":454,"y":319,"width":132,"height":94}},{"label":"maple leaf","type":"rectangle","coordinates":{"x":432,"y":183,"width":147,"height":135}},{"label":"pencil","type":"rectangle","coordinates":{"x":598,"y":179,"width":139,"height":43}},{"label":"sunglasses","type":"rectangle","coordinates":{"x":702,"y":284,"width":83,"height":128}},{"label":"locker","type":"rectangle","coordinates":{"x":594,"y":304,"width":111,"height":109}},{"label":"ghost","type":"rectangle","coordinates":{"x":599,"y":431,"width":199,"height":129}}]'
/Users/rchaves/Projects/dobble/custom_pics/IMG_3433.jpg,'[{"label":"hammer","type":"rectangle","coordinates":{"x":640,"y":1225,"width":180,"height":142}},{"label":"moon","type":"rectangle","coordinates":{"x":508,"y":1224,"width":140,"height":181}},{"label":"splash","type":"rectangle","coordinates":{"x":362,"y":1173,"width":89,"height":102}},{"label":"target","type":"rectangle","coordinates":{"x":338,"y":1040,"width":93,"height":95}},{"label":"cactus","type":"rectangle","coordinates":{"x":527,"y":990,"width":163,"height":242}},{"label":"locker","type":"rectangle","coordinates":{"x":702,"y":1068,"width":106,"height":142}},{"label":"waterdrop","type":"rectangle","coordinates":{"x":658,"y":942,"width":77,"height":69}},{"label":"web","type":"rectangle","coordinates":{"x":589,"y":245,"width":112,"height":111}},{"label":"sun","type":"rectangle","coordinates":{"x":586,"y":406,"width":182,"height":195}},{"label":"igloo","type":"rectangle","coordinates":{"x":522,"y":537,"width":108,"height":88}},{"label":"skull","type":"rectangle","coordinates":{"x":372,"y":489,"width":174,"height":160}},{"label":"flower","type":"rectangle","coordinates":{"x":270,"y":362,"width":98,"height":95}},{"label":"zebra","type":"rectangle","coordinates":{"x":436,"y":338,"width":90,"height":115}},{"label":"target","type":"rectangle","coordinates":{"x":326,"y":234,"width":114,"height":111}},{"label":"bird","type":"rectangle","coordinates":{"x":419,"y":926,"width":117,"height":102}},{"label":"ghost","type":"rectangle","coordinates":{"x":472,"y":209,"width":79,"height":132}}]'
/Users/rchaves/Projects/dobble/custom_pics/IMG_3434.jpg,'[{"label":"clock","type":"rectangle","coordinates":{"x":375,"y":942,"width":153,"height":155}},{"label":"snowman","type":"rectangle","coordinates":{"x":402,"y":1100,"width":152,"height":154}},{"label":"snowflake","type":"rectangle","coordinates":{"x":556,"y":1177,"width":117,"height":108}},{"label":"dragon","type":"rectangle","coordinates":{"x":562,"y":988,"width":159,"height":198}},{"label":"mouth","type":"rectangle","coordinates":{"x":699,"y":1105,"width":96,"height":158}},{"label":"zebra","type":"rectangle","coordinates":{"x":735,"y":953,"width":85,"height":123}},{"label":"pencil","type":"rectangle","coordinates":{"x":515,"y":806,"width":110,"height":133}},{"label":"carrot","type":"rectangle","coordinates":{"x":549,"y":479,"width":150,"height":222}},{"label":"ice","type":"rectangle","coordinates":{"x":633,"y":328,"width":111,"height":146}},{"label":"igloo","type":"rectangle","coordinates":{"x":568,"y":184,"width":146,"height":141}},{"label":"lamp","type":"rectangle","coordinates":{"x":446,"y":206,"width":123,"height":193}},{"label":"song","type":"rectangle","coordinates":{"x":327,"y":224,"width":73,"height":130}},{"label":"no entry sign","type":"rectangle","coordinates":{"x":263,"y":302,"width":100,"height":96}},{"label":"dobble","type":"rectangle","coordinates":{"x":400,"y":405,"width":150,"height":195}},{"label":"bird","type":"rectangle","coordinates":{"x":263,"y":418,"width":113,"height":133}},{"label":"bird","type":"rectangle","coordinates":{"x":660,"y":844,"width":117,"height":129}}]'
/Users/rchaves/Projects/dobble/custom_pics/IMG_3435.jpg,'[{"label":"song","type":"rectangle","coordinates":{"x":386,"y":504,"width":83,"height":192}},{"label":"no entry sign","type":"rectangle","coordinates":{"x":273,"y":590,"width":141,"height":137}},{"label":"lamp","type":"rectangle","coordinates":{"x":540,"y":512,"width":168,"height":270}},{"label":"igloo","type":"rectangle","coordinates":{"x":713,"y":520,"width":175,"height":206}},{"label":"ice","type":"rectangle","coordinates":{"x":768,"y":730,"width":162,"height":187}},{"label":"carrot","type":"rectangle","coordinates":{"x":602,"y":901,"width":243,"height":288}},{"label":"dobble","type":"rectangle","coordinates":{"x":430,"y":768,"width":200,"height":270}},{"label":"bird","type":"rectangle","coordinates":{"x":246,"y":753,"width":158,"height":180}}]'
/Users/rchaves/Projects/dobble/custom_pics/IMG_3436.jpg,'[{"label":"snowman","type":"rectangle","coordinates":{"x":313,"y":720,"width":255,"height":168}},{"label":"clock","type":"rectangle","coordinates":{"x":441,"y":559,"width":208,"height":206}},{"label":"dragon","type":"rectangle","coordinates":{"x":563,"y":794,"width":228,"height":233}},{"label":"snowflake","type":"rectangle","coordinates":{"x":352,"y":952,"width":163,"height":159}},{"label":"mouth","type":"rectangle","coordinates":{"x":552,"y":1043,"width":247,"height":117}},{"label":"zebra","type":"rectangle","coordinates":{"x":742,"y":951,"width":144,"height":121}},{"label":"pencil","type":"rectangle","coordinates":{"x":706,"y":590,"width":217,"height":48}},{"label":"bird","type":"rectangle","coordinates":{"x":781,"y":775,"width":138,"height":162}}]'
/Users/rchaves/Projects/dobble/custom_pics/IMG_3437.jpg,'[{"label":"cactus","type":"rectangle","coordinates":{"x":549,"y":535,"width":286,"height":412}},{"label":"waterdrop","type":"rectangle","coordinates":{"x":783,"y":475,"width":140,"height":112}},{"label":"locker","type":"rectangle","coordinates":{"x":843,"y":698,"width":179,"height":251}},{"label":"hammer","type":"rectangle","coordinates":{"x":718,"y":962,"width":316,"height":226}},{"label":"moon","type":"rectangle","coordinates":{"x":489,"y":940,"width":249,"height":319}},{"label":"splash","type":"rectangle","coordinates":{"x":243,"y":822,"width":160,"height":179}},{"label":"target","type":"rectangle","coordinates":{"x":216,"y":587,"width":161,"height":161}},{"label":"bird","type":"rectangle","coordinates":{"x":369,"y":404,"width":203,"height":168}}]'
/Users/rchaves/Projects/dobble/custom_pics/IMG_3438.jpg,'[{"label":"target","type":"rectangle","coordinates":{"x":430,"y":451,"width":213,"height":216}},{"label":"flower","type":"rectangle","coordinates":{"x":229,"y":578,"width":165,"height":161}},{"label":"skull","type":"rectangle","coordinates":{"x":249,"y":850,"width":234,"height":291}},{"label":"zebra","type":"rectangle","coordinates":{"x":481,"y":692,"width":145,"height":210}},{"label":"igloo","type":"rectangle","coordinates":{"x":402,"y":1055,"width":201,"height":135}},{"label":"sun","type":"rectangle","coordinates":{"x":616,"y":911,"width":332,"height":310}},{"label":"web","type":"rectangle","coordinates":{"x":793,"y":699,"width":181,"height":180}},{"label":"ghost","type":"rectangle","coordinates":{"x":667,"y":544,"width":136,"height":225}}]'
/Users/rchaves/Projects/dobble/custom_pics/IMG_3439.jpg,'[{"label":"locker","type":"rectangle","coordinates":{"x":489,"y":877,"width":182,"height":235}},{"label":"pencil","type":"rectangle","coordinates":{"x":705,"y":986,"width":92,"height":242}},{"label":"sunglasses","type":"rectangle","coordinates":{"x":464,"y":1070,"width":236,"height":112}},{"label":"maple leaf","type":"rectangle","coordinates":{"x":809,"y":718,"width":252,"height":255}},{"label":"lamp","type":"rectangle","coordinates":{"x":582,"y":657,"width":203,"height":179}},{"label":"candle","type":"rectangle","coordinates":{"x":564,"y":462,"width":100,"height":235}},{"label":"baby bottle","type":"rectangle","coordinates":{"x":370,"y":506,"width":248,"height":181}},{"label":"ghost","type":"rectangle","coordinates":{"x":309,"y":793,"width":289,"height":289}}]'
/Users/rchaves/Projects/dobble/custom_pics/IMG_3440.jpg,'[{"label":"scissors","type":"rectangle","coordinates":{"x":554,"y":433,"width":164,"height":215}},{"label":"clown","type":"rectangle","coordinates":{"x":785,"y":579,"width":251,"height":229}},{"label":"dolphin","type":"rectangle","coordinates":{"x":340,"y":564,"width":132,"height":229}},{"label":"skull","type":"rectangle","coordinates":{"x":522,"y":721,"width":326,"height":288}},{"label":"ice","type":"rectangle","coordinates":{"x":274,"y":811,"width":205,"height":182}},{"label":"locker","type":"rectangle","coordinates":{"x":828,"y":836,"width":126,"height":204}},{"label":"clock","type":"rectangle","coordinates":{"x":608,"y":1005,"width":204,"height":206}},{"label":"yin yang","type":"rectangle","coordinates":{"x":403,"y":977,"width":133,"height":136}}]'
/Users/rchaves/Projects/dobble/custom_pics/IMG_3441.jpg,'[{"label":"dog","type":"rectangle","coordinates":{"x":560,"y":1051,"width":328,"height":315}},{"label":"locker","type":"rectangle","coordinates":{"x":285,"y":995,"width":159,"height":173}},{"label":"man","type":"rectangle","coordinates":{"x":763,"y":880,"width":267,"height":233}},{"label":"flash","type":"rectangle","coordinates":{"x":749,"y":623,"width":346,"height":175}},{"label":"horse","type":"rectangle","coordinates":{"x":466,"y":761,"width":165,"height":248}},{"label":"igloo","type":"rectangle","coordinates":{"x":216,"y":750,"width":155,"height":224}},{"label":"dragon","type":"rectangle","coordinates":{"x":373,"y":548,"width":174,"height":209}},{"label":"turtle","type":"rectangle","coordinates":{"x":556,"y":455,"width":203,"height":185}}]'
/Users/rchaves/Projects/dobble/custom_pics/IMG_3442.jpg,'[{"label":"mouth","type":"rectangle","coordinates":{"x":426,"y":979,"width":204,"height":137}},{"label":"baby bottle","type":"rectangle","coordinates":{"x":299,"y":799,"width":265,"height":203}},{"label":"ladybug","type":"rectangle","coordinates":{"x":391,"y":573,"width":269,"height":232}},{"label":"carrot","type":"rectangle","coordinates":{"x":543,"y":417,"width":169,"height":189}},{"label":"scissors","type":"rectangle","coordinates":{"x":716,"y":509,"width":232,"height":259}},{"label":"man","type":"rectangle","coordinates":{"x":818,"y":702,"width":227,"height":140}},{"label":"cat","type":"rectangle","coordinates":{"x":696,"y":896,"width":261,"height":224}},{"label":"target","type":"rectangle","coordinates":{"x":562,"y":748,"width":147,"height":148}}]'
/Users/rchaves/Projects/dobble/custom_pics/IMG_3443.jpg,'[{"label":"anchor","type":"rectangle","coordinates":{"x":690,"y":483,"width":178,"height":207}},{"label":"ice","type":"rectangle","coordinates":{"x":394,"y":491,"width":344,"height":275}},{"label":"baby bottle","type":"rectangle","coordinates":{"x":230,"y":694,"width":205,"height":186}},{"label":"bomb","type":"rectangle","coordinates":{"x":476,"y":731,"width":239,"height":216}},{"label":"moon","type":"rectangle","coordinates":{"x":745,"y":621,"width":283,"height":240}},{"label":"zebra","type":"rectangle","coordinates":{"x":358,"y":943,"width":210,"height":236}},{"label":"dog","type":"rectangle","coordinates":{"x":619,"y":923,"width":206,"height":196}},{"label":"heart","type":"rectangle","coordinates":{"x":785,"y":827,"width":91,"height":99}}]'
/Users/rchaves/Projects/dobble/custom_pics/IMG_3444.jpg,'[{"label":"moon","type":"rectangle","coordinates":{"x":286,"y":797,"width":218,"height":157}},{"label":"scissors","type":"rectangle","coordinates":{"x":354,"y":518,"width":350,"height":336}},{"label":"spider","type":"rectangle","coordinates":{"x":596,"y":397,"width":202,"height":181}},{"label":"maple leaf","type":"rectangle","coordinates":{"x":562,"y":731,"width":218,"height":211}},{"label":"exclamation mark","type":"rectangle","coordinates":{"x":716,"y":575,"width":155,"height":134}},{"label":"igloo","type":"rectangle","coordinates":{"x":512,"y":977,"width":267,"height":201}},{"label":"green apple","type":"rectangle","coordinates":{"x":864,"y":665,"width":120,"height":104}},{"label":"snowflake","type":"rectangle","coordinates":{"x":773,"y":880,"width":153,"height":160}}]'
/Users/rchaves/Projects/dobble/custom_pics/IMG_3445.jpg,'[{"label":"sunglasses","type":"rectangle","coordinates":{"x":422,"y":673,"width":262,"height":342}},{"label":"dobble","type":"rectangle","coordinates":{"x":218,"y":653,"width":206,"height":177}},{"label":"question mark","type":"rectangle","coordinates":{"x":284,"y":941,"width":128,"height":137}},{"label":"scissors","type":"rectangle","coordinates":{"x":553,"y":957,"width":273,"height":350}},{"label":"hammer","type":"rectangle","coordinates":{"x":783,"y":842,"width":234,"height":297}},{"label":"zebra","type":"rectangle","coordinates":{"x":680,"y":608,"width":171,"height":200}},{"label":"car","type":"rectangle","coordinates":{"x":372,"y":434,"width":166,"height":148}},{"label":"turtle","type":"rectangle","coordinates":{"x":825,"y":562,"width":94,"height":158}}]'
/Users/rchaves/Projects/dobble/custom_pics/IMG_3446.jpg,'[{"label":"maple leaf","type":"rectangle","coordinates":{"x":372,"y":972,"width":213,"height":210}},{"label":"skull","type":"rectangle","coordinates":{"x":252,"y":710,"width":216,"height":265}},{"label":"no entry sign","type":"rectangle","coordinates":{"x":547,"y":720,"width":248,"height":250}},{"label":"mouth","type":"rectangle","coordinates":{"x":565,"y":430,"width":313,"height":170}},{"label":"waterdrop","type":"rectangle","coordinates":{"x":355,"y":495,"width":160,"height":118}},{"label":"bomb","type":"rectangle","coordinates":{"x":798,"y":607,"width":115,"height":205}},{"label":"turtle","type":"rectangle","coordinates":{"x":808,"y":866,"width":166,"height":202}},{"label":"bonfire","type":"rectangle","coordinates":{"x":631,"y":995,"width":133,"height":179}}]'
/Users/rchaves/Projects/dobble/custom_pics/IMG_3467.jpg,'[{"label":"question mark","type":"rectangle","coordinates":{"x":1649,"y":2804,"width":306,"height":405}},{"label":"dobble","type":"rectangle","coordinates":{"x":899,"y":2619,"width":432,"height":543}},{"label":"sunglasses","type":"rectangle","coordinates":{"x":1157,"y":2117,"width":719,"height":893}},{"label":"car","type":"rectangle","coordinates":{"x":546,"y":1962,"width":395,"height":429}},{"label":"scissors","type":"rectangle","coordinates":{"x":2008,"y":2130,"width":915,"height":693}},{"label":"zebra","type":"rectangle","coordinates":{"x":1300,"y":1449,"width":576,"height":347}},{"label":"hammer","type":"rectangle","coordinates":{"x":2038,"y":1437,"width":582,"height":738}},{"label":"turtle","type":"rectangle","coordinates":{"x":1391,"y":1064,"width":388,"height":252}}]'
/Users/rchaves/Projects/dobble/custom_pics/IMG_3468.jpg,'[{"label":"sunglasses","type":"rectangle","coordinates":{"x":2465,"y":2010,"width":345,"height":776}},{"label":"cactus","type":"rectangle","coordinates":{"x":2144,"y":2464,"width":706,"height":701}},{"label":"key","type":"rectangle","coordinates":{"x":1470,"y":2824,"width":788,"height":537}},{"label":"ladybug","type":"rectangle","coordinates":{"x":1350,"y":1414,"width":625,"height":839}},{"label":"clover","type":"rectangle","coordinates":{"x":2043,"y":1531,"width":634,"height":567}},{"label":"bomb","type":"rectangle","coordinates":{"x":1623,"y":2062,"width":664,"height":453}},{"label":"clock","type":"rectangle","coordinates":{"x":1103,"y":2475,"width":538,"height":531}},{"label":"igloo","type":"rectangle","coordinates":{"x":787,"y":1820,"width":538,"height":721}}]'
/Users/rchaves/Projects/dobble/custom_pics/IMG_3469.jpg,'[{"label":"turtle","type":"rectangle","coordinates":{"x":2210,"y":2582,"width":610,"height":595}},{"label":"dolphin","type":"rectangle","coordinates":{"x":1651,"y":2604,"width":818,"height":765}},{"label":"bird","type":"rectangle","coordinates":{"x":935,"y":2600,"width":460,"height":548}},{"label":"green apple","type":"rectangle","coordinates":{"x":1108,"y":1992,"width":550,"height":529}},{"label":"ghost","type":"rectangle","coordinates":{"x":1103,"y":1446,"width":792,"height":369}},{"label":"dinossaur","type":"rectangle","coordinates":{"x":1443,"y":1144,"width":547,"height":475}},{"label":"anchor","type":"rectangle","coordinates":{"x":2287,"y":1828,"width":649,"height":563}},{"label":"ladybug","type":"rectangle","coordinates":{"x":1868,"y":1560,"width":490,"height":533}}]'
/Users/rchaves/Projects/dobble/custom_pics/IMG_3470.jpg,'[{"label":"key","type":"rectangle","coordinates":{"x":2067,"y":2838,"width":764,"height":689}},{"label":"skull","type":"rectangle","coordinates":{"x":1301,"y":2112,"width":567,"height":769}},{"label":"spider","type":"rectangle","coordinates":{"x":805,"y":2632,"width":479,"height":500}},{"label":"baby bottle","type":"rectangle","coordinates":{"x":1439,"y":2901,"width":278,"height":616}},{"label":"horse","type":"rectangle","coordinates":{"x":2356,"y":2203,"width":728,"height":469}},{"label":"tree","type":"rectangle","coordinates":{"x":2020,"y":1649,"width":834,"height":676}},{"label":"question mark","type":"rectangle","coordinates":{"x":849,"y":1533,"width":461,"height":574}},{"label":"bird","type":"rectangle","coordinates":{"x":1366,"y":1265,"width":531,"height":517}}]'
/Users/rchaves/Projects/dobble/custom_pics/IMG_3471.jpg,'[{"label":"zebra","type":"rectangle","coordinates":{"x":1351,"y":1235,"width":820,"height":592}},{"label":"song","type":"rectangle","coordinates":{"x":2063,"y":1509,"width":485,"height":639}},{"label":"flash","type":"rectangle","coordinates":{"x":1471,"y":1968,"width":793,"height":786}},{"label":"ladybug","type":"rectangle","coordinates":{"x":2199,"y":2097,"width":585,"height":419}},{"label":"maple leaf","type":"rectangle","coordinates":{"x":1847,"y":2771,"width":652,"height":663}},{"label":"yin yang","type":"rectangle","coordinates":{"x":1177,"y":2740,"width":537,"height":546}},{"label":"splash","type":"rectangle","coordinates":{"x":901,"y":2190,"width":649,"height":640}},{"label":"tree","type":"rectangle","coordinates":{"x":795,"y":1604,"width":330,"height":310}}]'
/Users/rchaves/Projects/dobble/custom_pics/IMG_3472.jpg,'[{"label":"green apple","type":"rectangle","coordinates":{"x":1267,"y":2853,"width":474,"height":551}},{"label":"zebra","type":"rectangle","coordinates":{"x":2001,"y":2745,"width":570,"height":392}},{"label":"key","type":"rectangle","coordinates":{"x":2407,"y":2150,"width":291,"height":689}},{"label":"lamp","type":"rectangle","coordinates":{"x":1677,"y":2146,"width":641,"height":629}},{"label":"man","type":"rectangle","coordinates":{"x":818,"y":2376,"width":605,"height":347}},{"label":"cheese","type":"rectangle","coordinates":{"x":997,"y":1677,"width":928,"height":771}},{"label":"waterdrop","type":"rectangle","coordinates":{"x":2124,"y":1602,"width":446,"height":438}},{"label":"clown","type":"rectangle","coordinates":{"x":1714,"y":1307,"width":495,"height":539}}]'
/Users/rchaves/Projects/dobble/custom_pics/IMG_3473.jpg,'[{"label":"moon","type":"rectangle","coordinates":{"x":1274,"y":2692,"width":795,"height":885}},{"label":"hammer","type":"rectangle","coordinates":{"x":1872,"y":2863,"width":945,"height":532}},{"label":"splash","type":"rectangle","coordinates":{"x":698,"y":2097,"width":458,"height":454}},{"label":"target","type":"rectangle","coordinates":{"x":855,"y":1494,"width":380,"height":375}},{"label":"cactus","type":"rectangle","coordinates":{"x":1749,"y":1638,"width":856,"height":1028}},{"label":"bird","type":"rectangle","coordinates":{"x":1407,"y":1186,"width":499,"height":429}},{"label":"locker","type":"rectangle","coordinates":{"x":2409,"y":2339,"width":459,"height":722}},{"label":"waterdrop","type":"rectangle","coordinates":{"x":2410,"y":1697,"width":437,"height":295}}]'
/Users/rchaves/Projects/dobble/custom_pics/IMG_3474.jpg,'[{"label":"ice","type":"rectangle","coordinates":{"x":2037,"y":2651,"width":413,"height":611}},{"label":"dolphin","type":"rectangle","coordinates":{"x":1422,"y":2817,"width":583,"height":417}},{"label":"skull","type":"rectangle","coordinates":{"x":1578,"y":2150,"width":615,"height":839}},{"label":"scissors","type":"rectangle","coordinates":{"x":840,"y":2384,"width":606,"height":571}},{"label":"clown","type":"rectangle","coordinates":{"x":917,"y":1634,"width":540,"height":601}},{"label":"yin yang","type":"rectangle","coordinates":{"x":2326,"y":2174,"width":351,"height":352}},{"label":"clock","type":"rectangle","coordinates":{"x":2178,"y":1649,"width":534,"height":526}},{"label":"locker","type":"rectangle","coordinates":{"x":1544,"y":1294,"width":507,"height":381}}]'
/Users/rchaves/Projects/dobble/custom_pics/IMG_3475.jpg,'[{"label":"man","type":"rectangle","coordinates":{"x":1854,"y":1658,"width":390,"height":656}},{"label":"dolphin","type":"rectangle","coordinates":{"x":1134,"y":1524,"width":618,"height":1007}},{"label":"hammer","type":"rectangle","coordinates":{"x":1551,"y":2145,"width":532,"height":530}},{"label":"pencil","type":"rectangle","coordinates":{"x":2353,"y":1745,"width":525,"height":170}},{"label":"sun","type":"rectangle","coordinates":{"x":2239,"y":2300,"width":670,"height":635}},{"label":"song","type":"rectangle","coordinates":{"x":1704,"y":2723,"width":635,"height":774}},{"label":"bomb","type":"rectangle","coordinates":{"x":937,"y":2637,"width":687,"height":554}},{"label":"spider","type":"rectangle","coordinates":{"x":1144,"y":2200,"width":315,"height":331}}]'
/Users/rchaves/Projects/dobble/custom_pics/IMG_3476.jpg,'[{"label":"tree","type":"rectangle","coordinates":{"x":1722,"y":2811,"width":701,"height":887}},{"label":"ice","type":"rectangle","coordinates":{"x":916,"y":2723,"width":523,"height":471}},{"label":"turtle","type":"rectangle","coordinates":{"x":1649,"y":2011,"width":673,"height":640}},{"label":"clover","type":"rectangle","coordinates":{"x":908,"y":1926,"width":701,"height":697}},{"label":"cheese","type":"rectangle","coordinates":{"x":1214,"y":1266,"width":540,"height":429}},{"label":"exclamation mark","type":"rectangle","coordinates":{"x":1906,"y":1404,"width":622,"height":617}},{"label":"pencil","type":"rectangle","coordinates":{"x":2321,"y":1795,"width":514,"height":413}},{"label":"target","type":"rectangle","coordinates":{"x":2348,"y":2436,"width":388,"height":378}}]'
/Users/rchaves/Projects/dobble/custom_pics/IMG_3477.jpg,'[{"label":"mouth","type":"rectangle","coordinates":{"x":2256,"y":2123,"width":475,"height":1077}},{"label":"song","type":"rectangle","coordinates":{"x":1715,"y":2716,"width":213,"height":575}},{"label":"anchor","type":"rectangle","coordinates":{"x":1623,"y":2110,"width":561,"height":542}},{"label":"flower","type":"rectangle","coordinates":{"x":1164,"y":2623,"width":519,"height":526}},{"label":"exclamation mark","type":"rectangle","coordinates":{"x":746,"y":2244,"width":455,"height":253}},{"label":"car","type":"rectangle","coordinates":{"x":952,"y":1549,"width":850,"height":834}},{"label":"locker","type":"rectangle","coordinates":{"x":1808,"y":1515,"width":666,"height":388}},{"label":"key","type":"rectangle","coordinates":{"x":1711,"y":1133,"width":474,"height":206}}]'
/Users/rchaves/Projects/dobble/custom_pics/IMG_3478.jpg,'[{"label":"song","type":"rectangle","coordinates":{"x":2194,"y":2819,"width":435,"height":312}},{"label":"snowflake","type":"rectangle","coordinates":{"x":1431,"y":2745,"width":870,"height":911}},{"label":"cactus","type":"rectangle","coordinates":{"x":2335,"y":2247,"width":568,"height":391}},{"label":"baby bottle","type":"rectangle","coordinates":{"x":866,"y":2119,"width":814,"height":371}},{"label":"web","type":"rectangle","coordinates":{"x":1610,"y":2014,"width":517,"height":500}},{"label":"clown","type":"rectangle","coordinates":{"x":2264,"y":1692,"width":407,"height":344}},{"label":"eye","type":"rectangle","coordinates":{"x":1687,"y":1360,"width":817,"height":441}},{"label":"turtle","type":"rectangle","coordinates":{"x":1005,"y":1665,"width":736,"height":449}}]'
/Users/rchaves/Projects/dobble/custom_pics/IMG_3479.jpg,'[{"label":"clover","type":"rectangle","coordinates":{"x":1513,"y":2029,"width":995,"height":739}},{"label":"car","type":"rectangle","coordinates":{"x":2343,"y":1751,"width":552,"height":570}},{"label":"bird","type":"rectangle","coordinates":{"x":2329,"y":2352,"width":373,"height":346}},{"label":"dog","type":"rectangle","coordinates":{"x":1965,"y":2758,"width":586,"height":555}},{"label":"sun","type":"rectangle","coordinates":{"x":1187,"y":2800,"width":652,"height":661}},{"label":"maple leaf","type":"rectangle","coordinates":{"x":729,"y":2123,"width":534,"height":539}},{"label":"cat","type":"rectangle","coordinates":{"x":1219,"y":1404,"width":619,"height":635}},{"label":"clown","type":"rectangle","coordinates":{"x":1876,"y":1263,"width":365,"height":395}}]'
/Users/rchaves/Projects/dobble/custom_pics/IMG_3480.jpg,'[{"label":"snowman","type":"rectangle","coordinates":{"x":901,"y":2509,"width":684,"height":543}},{"label":"snowflake","type":"rectangle","coordinates":{"x":1425,"y":2947,"width":486,"height":493}},{"label":"mouth","type":"rectangle","coordinates":{"x":2085,"y":2806,"width":524,"height":569}},{"label":"dragon","type":"rectangle","coordinates":{"x":1652,"y":2194,"width":677,"height":793}},{"label":"clock","type":"rectangle","coordinates":{"x":923,"y":1824,"width":619,"height":611}},{"label":"zebra","type":"rectangle","coordinates":{"x":2370,"y":2219,"width":390,"height":491}},{"label":"bird","type":"rectangle","coordinates":{"x":2169,"y":1705,"width":462,"height":529}},{"label":"pencil","type":"rectangle","coordinates":{"x":1613,"y":1423,"width":545,"height":459}}]'
/Users/rchaves/Projects/dobble/custom_pics/IMG_3481.jpg,'[{"label":"horse","type":"rectangle","coordinates":{"x":1036,"y":2429,"width":656,"height":398}},{"label":"car","type":"rectangle","coordinates":{"x":1227,"y":2961,"width":472,"height":511}},{"label":"yin yang","type":"rectangle","coordinates":{"x":1908,"y":2769,"width":682,"height":690}},{"label":"bomb","type":"rectangle","coordinates":{"x":2078,"y":2021,"width":696,"height":658}},{"label":"lamp","type":"rectangle","coordinates":{"x":1481,"y":2015,"width":542,"height":372}},{"label":"target","type":"rectangle","coordinates":{"x":816,"y":1965,"width":438,"height":427}},{"label":"snowflake","type":"rectangle","coordinates":{"x":1171,"y":1563,"width":429,"height":394}},{"label":"dinossaur","type":"rectangle","coordinates":{"x":1667,"y":1478,"width":230,"height":324}}]'
/Users/rchaves/Projects/dobble/custom_pics/IMG_3482.jpg,'[{"label":"moon","type":"rectangle","coordinates":{"x":1136,"y":2590,"width":709,"height":801}},{"label":"anchor","type":"rectangle","coordinates":{"x":1581,"y":2712,"width":520,"height":614}},{"label":"ice","type":"rectangle","coordinates":{"x":2085,"y":2274,"width":794,"height":926}},{"label":"baby bottle","type":"rectangle","coordinates":{"x":2085,"y":1520,"width":261,"height":623}},{"label":"bomb","type":"rectangle","coordinates":{"x":1555,"y":1857,"width":398,"height":714}},{"label":"zebra","type":"rectangle","coordinates":{"x":1383,"y":1230,"width":679,"height":482}},{"label":"dog","type":"rectangle","coordinates":{"x":906,"y":1663,"width":515,"height":481}},{"label":"heart","type":"rectangle","coordinates":{"x":677,"y":2143,"width":278,"height":261}}]'
/Users/rchaves/Projects/dobble/custom_pics/IMG_3483.jpg,'[{"label":"dobble","type":"rectangle","coordinates":{"x":1959,"y":2092,"width":851,"height":732}},{"label":"bird","type":"rectangle","coordinates":{"x":2195,"y":2594,"width":624,"height":562}},{"label":"no entry sign","type":"rectangle","coordinates":{"x":1727,"y":2801,"width":430,"height":451}},{"label":"song","type":"rectangle","coordinates":{"x":1274,"y":2665,"width":476,"height":472}},{"label":"lamp","type":"rectangle","coordinates":{"x":1037,"y":2169,"width":819,"height":600}},{"label":"igloo","type":"rectangle","coordinates":{"x":716,"y":1703,"width":522,"height":709}},{"label":"ice","type":"rectangle","coordinates":{"x":1203,"y":1266,"width":666,"height":444}},{"label":"carrot","type":"rectangle","coordinates":{"x":2040,"y":1402,"width":998,"height":551}}]'
/Users/rchaves/Projects/dobble/custom_pics/IMG_3484.jpg,'[{"label":"sunglasses","type":"rectangle","coordinates":{"x":2310,"y":2308,"width":411,"height":846}},{"label":"horse","type":"rectangle","coordinates":{"x":1876,"y":2779,"width":517,"height":530}},{"label":"green apple","type":"rectangle","coordinates":{"x":1188,"y":2662,"width":494,"height":573}},{"label":"mouth","type":"rectangle","coordinates":{"x":811,"y":2304,"width":325,"height":729}},{"label":"ice","type":"rectangle","coordinates":{"x":1204,"y":1590,"width":825,"height":777}},{"label":"sun","type":"rectangle","coordinates":{"x":1805,"y":2104,"width":532,"height":555}},{"label":"eye","type":"rectangle","coordinates":{"x":2204,"y":1572,"width":371,"height":426}},{"label":"splash","type":"rectangle","coordinates":{"x":1811,"y":1258,"width":262,"height":302}}]'
/Users/rchaves/Projects/dobble/custom_pics/IMG_3485.jpg,'[{"label":"tree","type":"rectangle","coordinates":{"x":2093,"y":2349,"width":674,"height":707}},{"label":"heart","type":"rectangle","coordinates":{"x":1692,"y":2902,"width":813,"height":360}},{"label":"candle","type":"rectangle","coordinates":{"x":1126,"y":2617,"width":478,"height":604}},{"label":"dinossaur","type":"rectangle","coordinates":{"x":989,"y":2114,"width":938,"height":992}},{"label":"igloo","type":"rectangle","coordinates":{"x":789,"y":1503,"width":421,"height":574}},{"label":"hammer","type":"rectangle","coordinates":{"x":1501,"y":1205,"width":883,"height":485}},{"label":"clown","type":"rectangle","coordinates":{"x":2218,"y":1519,"width":479,"height":459}},{"label":"heart","type":"rectangle","coordinates":{"x":1729,"y":1792,"width":404,"height":409}}]'
/Users/rchaves/Projects/dobble/custom_pics/IMG_3486.jpg,'[{"label":"anchor","type":"rectangle","coordinates":{"x":2457,"y":1809,"width":418,"height":365}},{"label":"clover","type":"rectangle","coordinates":{"x":2037,"y":2369,"width":583,"height":576}},{"label":"skull","type":"rectangle","coordinates":{"x":1237,"y":2546,"width":822,"height":718}},{"label":"man","type":"rectangle","coordinates":{"x":1835,"y":2987,"width":289,"height":461}},{"label":"splash","type":"rectangle","coordinates":{"x":633,"y":2231,"width":496,"height":504}},{"label":"dobble","type":"rectangle","coordinates":{"x":839,"y":1508,"width":552,"height":396}},{"label":"snowflake","type":"rectangle","coordinates":{"x":1450,"y":1723,"width":718,"height":714}},{"label":"candle","type":"rectangle","coordinates":{"x":2104,"y":1517,"width":446,"height":699}}]'
/Users/rchaves/Projects/dobble/custom_pics/IMG_3487.jpg,'[{"label":"moon","type":"rectangle","coordinates":{"x":901,"y":1855,"width":761,"height":689}},{"label":"bonfire","type":"rectangle","coordinates":{"x":918,"y":2394,"width":613,"height":439}},{"label":"ladybug","type":"rectangle","coordinates":{"x":1219,"y":2774,"width":450,"height":523}},{"label":"horse","type":"rectangle","coordinates":{"x":1788,"y":2516,"width":673,"height":836}},{"label":"dobble","type":"rectangle","coordinates":{"x":2300,"y":2177,"width":628,"height":469}},{"label":"pencil","type":"rectangle","coordinates":{"x":1968,"y":1291,"width":855,"height":199}},{"label":"flower","type":"rectangle","coordinates":{"x":1227,"y":1238,"width":450,"height":446}},{"label":"clown","type":"rectangle","coordinates":{"x":1692,"y":1746,"width":483,"height":431}}]'
/Users/rchaves/Projects/dobble/custom_pics/IMG_3488.jpg,'[{"label":"green apple","type":"rectangle","coordinates":{"x":2093,"y":1554,"width":734,"height":663}},{"label":"song","type":"rectangle","coordinates":{"x":2258,"y":2197,"width":675,"height":344}},{"label":"candle","type":"rectangle","coordinates":{"x":2003,"y":2603,"width":515,"height":709}},{"label":"clock","type":"rectangle","coordinates":{"x":1448,"y":2835,"width":666,"height":687}},{"label":"bonfire","type":"rectangle","coordinates":{"x":1090,"y":2280,"width":986,"height":752}},{"label":"question mark","type":"rectangle","coordinates":{"x":791,"y":1583,"width":508,"height":397}},{"label":"dog","type":"rectangle","coordinates":{"x":1592,"y":1173,"width":429,"height":412}},{"label":"target","type":"rectangle","coordinates":{"x":1367,"y":1585,"width":395,"height":394}}]'
/Users/rchaves/Projects/dobble/custom_pics/IMG_3489.jpg,'[{"label":"ladybug","type":"rectangle","coordinates":{"x":1392,"y":2671,"width":578,"height":802}},{"label":"baby bottle","type":"rectangle","coordinates":{"x":2064,"y":2605,"width":784,"height":518}},{"label":"carrot","type":"rectangle","coordinates":{"x":725,"y":2512,"width":635,"height":370}},{"label":"scissors","type":"rectangle","coordinates":{"x":763,"y":1942,"width":671,"height":463}},{"label":"mouth","type":"rectangle","coordinates":{"x":2344,"y":2011,"width":290,"height":676}},{"label":"target","type":"rectangle","coordinates":{"x":1585,"y":1985,"width":332,"height":326}},{"label":"man","type":"rectangle","coordinates":{"x":1099,"y":1376,"width":549,"height":583}},{"label":"cat","type":"rectangle","coordinates":{"x":1769,"y":1418,"width":562,"height":664}}]'
/Users/rchaves/Projects/dobble/custom_pics/IMG_3490.jpg,'[{"label":"ghost","type":"rectangle","coordinates":{"x":1072,"y":2811,"width":468,"height":776}},{"label":"mouth","type":"rectangle","coordinates":{"x":653,"y":2457,"width":322,"height":635}},{"label":"yin yang","type":"rectangle","coordinates":{"x":756,"y":1822,"width":550,"height":538}},{"label":"dobble","type":"rectangle","coordinates":{"x":1485,"y":2085,"width":658,"height":576}},{"label":"dog","type":"rectangle","coordinates":{"x":1887,"y":2800,"width":960,"height":922}},{"label":"cactus","type":"rectangle","coordinates":{"x":2390,"y":2310,"width":563,"height":418}},{"label":"cheese","type":"rectangle","coordinates":{"x":2107,"y":1598,"width":690,"height":745}},{"label":"spider","type":"rectangle","coordinates":{"x":1284,"y":1424,"width":665,"height":623}}]'
/Users/rchaves/Projects/dobble/custom_pics/IMG_3491.jpg,'[{"label":"no entry sign","type":"rectangle","coordinates":{"x":1522,"y":2776,"width":618,"height":635}},{"label":"clock","type":"rectangle","coordinates":{"x":882,"y":2491,"width":555,"height":564}},{"label":"tree","type":"rectangle","coordinates":{"x":2204,"y":2412,"width":547,"height":576}},{"label":"car","type":"rectangle","coordinates":{"x":1817,"y":1971,"width":485,"height":480}},{"label":"moon","type":"rectangle","coordinates":{"x":1071,"y":1857,"width":793,"height":570}},{"label":"man","type":"rectangle","coordinates":{"x":888,"y":1264,"width":388,"height":370}},{"label":"eye","type":"rectangle","coordinates":{"x":1532,"y":1184,"width":582,"height":312}},{"label":"ghost","type":"rectangle","coordinates":{"x":2066,"y":1512,"width":718,"height":388}}]'
/Users/rchaves/Projects/dobble/custom_pics/IMG_3492.jpg,'[{"label":"bomb","type":"rectangle","coordinates":{"x":970,"y":1565,"width":767,"height":437}},{"label":"candle","type":"rectangle","coordinates":{"x":734,"y":2081,"width":661,"height":266}},{"label":"bird","type":"rectangle","coordinates":{"x":875,"y":2607,"width":458,"height":560}},{"label":"eye","type":"rectangle","coordinates":{"x":1526,"y":2892,"width":718,"height":394}},{"label":"cheese","type":"rectangle","coordinates":{"x":1526,"y":2187,"width":639,"height":636}},{"label":"flower","type":"rectangle","coordinates":{"x":2226,"y":2519,"width":569,"height":573}},{"label":"scissors","type":"rectangle","coordinates":{"x":2284,"y":1767,"width":707,"height":673}},{"label":"flash","type":"rectangle","coordinates":{"x":1735,"y":1441,"width":414,"height":712}}]'
/Users/rchaves/Projects/dobble/custom_pics/IMG_3493.jpg,'[{"label":"sunglasses","type":"rectangle","coordinates":{"x":2045,"y":2767,"width":569,"height":511}},{"label":"heart","type":"rectangle","coordinates":{"x":1320,"y":2975,"width":305,"height":301}},{"label":"web","type":"rectangle","coordinates":{"x":816,"y":2439,"width":566,"height":564}},{"label":"bird","type":"rectangle","coordinates":{"x":1446,"y":2252,"width":733,"height":884}},{"label":"exclamation mark","type":"rectangle","coordinates":{"x":2220,"y":2181,"width":605,"height":423}},{"label":"bonfire","type":"rectangle","coordinates":{"x":873,"y":1651,"width":559,"height":638}},{"label":"man","type":"rectangle","coordinates":{"x":2194,"y":1590,"width":458,"height":394}},{"label":"yin yang","type":"rectangle","coordinates":{"x":1555,"y":1406,"width":649,"height":643}}]'
/Users/rchaves/Projects/dobble/custom_pics/IMG_3494.jpg,'[{"label":"target","type":"rectangle","coordinates":{"x":1232,"y":2895,"width":568,"height":578}},{"label":"sunglasses","type":"rectangle","coordinates":{"x":711,"y":2586,"width":306,"height":424}},{"label":"no entry sign","type":"rectangle","coordinates":{"x":750,"y":1962,"width":693,"height":680}},{"label":"clown","type":"rectangle","coordinates":{"x":1715,"y":2243,"width":777,"height":880}},{"label":"snowman","type":"rectangle","coordinates":{"x":2378,"y":2457,"width":436,"height":275}},{"label":"spider","type":"rectangle","coordinates":{"x":2239,"y":1698,"width":686,"height":675}},{"label":"flash","type":"rectangle","coordinates":{"x":1794,"y":1387,"width":346,"height":465}},{"label":"anchor","type":"rectangle","coordinates":{"x":1157,"y":1459,"width":621,"height":691}}]'
/Users/rchaves/Projects/dobble/custom_pics/IMG_3495.jpg,'[{"label":"sunglasses","type":"rectangle","coordinates":{"x":1096,"y":1576,"width":501,"height":514}},{"label":"cheese","type":"rectangle","coordinates":{"x":708,"y":2228,"width":505,"height":576}},{"label":"cat","type":"rectangle","coordinates":{"x":1427,"y":2101,"width":829,"height":933}},{"label":"skull","type":"rectangle","coordinates":{"x":1335,"y":2882,"width":497,"height":372}},{"label":"moon","type":"rectangle","coordinates":{"x":1989,"y":2579,"width":572,"height":573}},{"label":"dragon","type":"rectangle","coordinates":{"x":2228,"y":2174,"width":553,"height":465}},{"label":"dinossaur","type":"rectangle","coordinates":{"x":2064,"y":1590,"width":430,"height":697}},{"label":"song","type":"rectangle","coordinates":{"x":1682,"y":1404,"width":215,"height":575}}]'
/Users/rchaves/Projects/dobble/custom_pics/IMG_3496.jpg,'[{"label":"dog","type":"rectangle","coordinates":{"x":2028,"y":2651,"width":879,"height":818}},{"label":"locker","type":"rectangle","coordinates":{"x":1253,"y":2899,"width":531,"height":345}},{"label":"igloo","type":"rectangle","coordinates":{"x":816,"y":2391,"width":399,"height":590}},{"label":"dragon","type":"rectangle","coordinates":{"x":893,"y":1723,"width":450,"height":503}},{"label":"horse","type":"rectangle","coordinates":{"x":1347,"y":2040,"width":442,"height":639}},{"label":"man","type":"rectangle","coordinates":{"x":2166,"y":1961,"width":733,"height":427}},{"label":"flash","type":"rectangle","coordinates":{"x":1894,"y":1480,"width":804,"height":470}},{"label":"turtle","type":"rectangle","coordinates":{"x":1194,"y":1291,"width":591,"height":322}}]'
/Users/rchaves/Projects/dobble/custom_pics/IMG_3497.jpg,'[{"label":"moon","type":"rectangle","coordinates":{"x":2210,"y":2465,"width":859,"height":733}},{"label":"dolphin","type":"rectangle","coordinates":{"x":1853,"y":3073,"width":288,"height":367}},{"label":"question mark","type":"rectangle","coordinates":{"x":1258,"y":2677,"width":818,"height":1002}},{"label":"web","type":"rectangle","coordinates":{"x":659,"y":2311,"width":452,"height":435}},{"label":"mouth","type":"rectangle","coordinates":{"x":994,"y":1618,"width":391,"height":745}},{"label":"lamp","type":"rectangle","coordinates":{"x":1554,"y":1318,"width":391,"height":568}},{"label":"flash","type":"rectangle","coordinates":{"x":2196,"y":1743,"width":454,"height":551}},{"label":"clover","type":"rectangle","coordinates":{"x":1678,"y":1923,"width":447,"height":354}}]'
/Users/rchaves/Projects/dobble/custom_pics/IMG_3498.jpg,'[{"label":"question mark","type":"rectangle","coordinates":{"x":2240,"y":2698,"width":483,"height":459}},{"label":"heart","type":"rectangle","coordinates":{"x":1587,"y":3010,"width":610,"height":652}},{"label":"no entry sign","type":"rectangle","coordinates":{"x":949,"y":2966,"width":317,"height":317}},{"label":"sun","type":"rectangle","coordinates":{"x":776,"y":2391,"width":646,"height":661}},{"label":"snowflake","type":"rectangle","coordinates":{"x":1554,"y":2196,"width":864,"height":883}},{"label":"locker","type":"rectangle","coordinates":{"x":980,"y":1601,"width":507,"height":815}},{"label":"cheese","type":"rectangle","coordinates":{"x":2329,"y":2008,"width":562,"height":692}},{"label":"ladybug","type":"rectangle","coordinates":{"x":1718,"y":1396,"width":551,"height":625}}]'
/Users/rchaves/Projects/dobble/custom_pics/IMG_3499.jpg,'[{"label":"dragon","type":"rectangle","coordinates":{"x":2165,"y":2258,"width":574,"height":641}},{"label":"bonfire","type":"rectangle","coordinates":{"x":1664,"y":2713,"width":576,"height":798}},{"label":"anchor","type":"rectangle","coordinates":{"x":1502,"y":2058,"width":451,"height":404}},{"label":"scissors","type":"rectangle","coordinates":{"x":1035,"y":2562,"width":896,"height":894}},{"label":"cactus","type":"rectangle","coordinates":{"x":730,"y":1997,"width":588,"height":391}},{"label":"tree","type":"rectangle","coordinates":{"x":883,"y":1476,"width":438,"height":487}},{"label":"lamp","type":"rectangle","coordinates":{"x":2146,"y":1571,"width":420,"height":397}},{"label":"sun","type":"rectangle","coordinates":{"x":1533,"y":1411,"width":758,"height":799}}]'
/Users/rchaves/Projects/dobble/custom_pics/IMG_3500.jpg,'[{"label":"exclamation mark","type":"rectangle","coordinates":{"x":2004,"y":2712,"width":548,"height":716}},{"label":"waterdrop","type":"rectangle","coordinates":{"x":1330,"y":2933,"width":608,"height":583}},{"label":"sun","type":"rectangle","coordinates":{"x":889,"y":2358,"width":650,"height":615}},{"label":"dobble","type":"rectangle","coordinates":{"x":1625,"y":2134,"width":458,"height":543}},{"label":"clock","type":"rectangle","coordinates":{"x":1059,"y":1610,"width":715,"height":703}},{"label":"baby bottle","type":"rectangle","coordinates":{"x":1590,"y":1375,"width":195,"height":364}},{"label":"dinossaur","type":"rectangle","coordinates":{"x":2069,"y":1433,"width":498,"height":809}},{"label":"flash","type":"rectangle","coordinates":{"x":2312,"y":2135,"width":803,"height":443}}]'
/Users/rchaves/Projects/dobble/custom_pics/IMG_3501.jpg,'[{"label":"dragon","type":"rectangle","coordinates":{"x":1420,"y":2920,"width":486,"height":579}},{"label":"baby bottle","type":"rectangle","coordinates":{"x":2040,"y":2684,"width":672,"height":381}},{"label":"green apple","type":"rectangle","coordinates":{"x":2239,"y":2211,"width":586,"height":501}},{"label":"no entry sign","type":"rectangle","coordinates":{"x":1886,"y":1616,"width":646,"height":643}},{"label":"yin yang","type":"rectangle","coordinates":{"x":1281,"y":2160,"width":658,"height":655}},{"label":"hammer","type":"rectangle","coordinates":{"x":746,"y":2550,"width":696,"height":569}},{"label":"clover","type":"rectangle","coordinates":{"x":835,"y":1679,"width":427,"height":472}},{"label":"flower","type":"rectangle","coordinates":{"x":1275,"y":1354,"width":430,"height":434}}]'
/Users/rchaves/Projects/dobble/custom_pics/IMG_3502.jpg,'[{"label":"mouth","type":"rectangle","coordinates":{"x":2327,"y":2163,"width":422,"height":835}},{"label":"bomb","type":"rectangle","coordinates":{"x":1894,"y":2795,"width":532,"height":300}},{"label":"turtle","type":"rectangle","coordinates":{"x":1210,"y":2849,"width":520,"height":432}},{"label":"no entry sign","type":"rectangle","coordinates":{"x":1570,"y":2145,"width":644,"height":643}},{"label":"bonfire","type":"rectangle","coordinates":{"x":849,"y":2394,"width":458,"height":340}},{"label":"maple leaf","type":"rectangle","coordinates":{"x":902,"y":1721,"width":541,"height":548}},{"label":"skull","type":"rectangle","coordinates":{"x":1566,"y":1387,"width":674,"height":548}},{"label":"waterdrop","type":"rectangle","coordinates":{"x":2126,"y":1625,"width":298,"height":414}}]'
/Users/rchaves/Projects/dobble/custom_pics/IMG_3503.jpg,'[{"label":"ladybug","type":"rectangle","coordinates":{"x":987,"y":2603,"width":383,"height":382}},{"label":"ice","type":"rectangle","coordinates":{"x":1734,"y":2520,"width":837,"height":568}},{"label":"candle","type":"rectangle","coordinates":{"x":2053,"y":2134,"width":682,"height":586}},{"label":"dragon","type":"rectangle","coordinates":{"x":953,"y":1912,"width":913,"height":784}},{"label":"web","type":"rectangle","coordinates":{"x":2334,"y":1770,"width":418,"height":425}},{"label":"waterdrop","type":"rectangle","coordinates":{"x":2142,"y":1393,"width":339,"height":337}},{"label":"car","type":"rectangle","coordinates":{"x":1605,"y":1268,"width":660,"height":565}},{"label":"spider","type":"rectangle","coordinates":{"x":908,"y":1226,"width":413,"height":391}}]'
/Users/rchaves/Projects/dobble/custom_pics/IMG_3504.jpg,'[{"label":"key","type":"rectangle","coordinates":{"x":2153,"y":2353,"width":657,"height":505}},{"label":"web","type":"rectangle","coordinates":{"x":1382,"y":2680,"width":747,"height":799}},{"label":"dinossaur","type":"rectangle","coordinates":{"x":761,"y":2358,"width":434,"height":618}},{"label":"scissors","type":"rectangle","coordinates":{"x":975,"y":1804,"width":819,"height":630}},{"label":"dog","type":"rectangle","coordinates":{"x":1727,"y":1878,"width":551,"height":597}},{"label":"no entry sign","type":"rectangle","coordinates":{"x":2346,"y":1783,"width":400,"height":389}},{"label":"pencil","type":"rectangle","coordinates":{"x":1900,"y":1318,"width":528,"height":252}},{"label":"splash","type":"rectangle","coordinates":{"x":1295,"y":1271,"width":412,"height":360}}]'
/Users/rchaves/Projects/dobble/custom_pics/IMG_3505.jpg,'[{"label":"dolphin","type":"rectangle","coordinates":{"x":1207,"y":1592,"width":549,"height":849}},{"label":"splash","type":"rectangle","coordinates":{"x":1778,"y":1339,"width":469,"height":531}},{"label":"cheese","type":"rectangle","coordinates":{"x":2239,"y":1753,"width":522,"height":625}},{"label":"snowman","type":"rectangle","coordinates":{"x":1685,"y":2175,"width":718,"height":467}},{"label":"car","type":"rectangle","coordinates":{"x":2099,"y":2736,"width":526,"height":535}},{"label":"baby bottle","type":"rectangle","coordinates":{"x":1507,"y":2903,"width":283,"height":594}},{"label":"igloo","type":"rectangle","coordinates":{"x":988,"y":2541,"width":600,"height":488}},{"label":"bonfire","type":"rectangle","coordinates":{"x":686,"y":1811,"width":401,"height":293}}]'
/Users/rchaves/Projects/dobble/custom_pics/IMG_3506.jpg,'[{"label":"igloo","type":"rectangle","coordinates":{"x":1593,"y":2955,"width":626,"height":517}},{"label":"anchor","type":"rectangle","coordinates":{"x":864,"y":2710,"width":400,"height":438}},{"label":"yin yang","type":"rectangle","coordinates":{"x":902,"y":2157,"width":577,"height":572}},{"label":"waterdrop","type":"rectangle","coordinates":{"x":1750,"y":2378,"width":711,"height":590}},{"label":"pencil","type":"rectangle","coordinates":{"x":2356,"y":2043,"width":372,"height":337}},{"label":"question mark","type":"rectangle","coordinates":{"x":1946,"y":1613,"width":690,"height":704}},{"label":"eye","type":"rectangle","coordinates":{"x":1377,"y":1323,"width":627,"height":354}},{"label":"cat","type":"rectangle","coordinates":{"x":820,"y":1576,"width":341,"height":286}}]'
/Users/rchaves/Projects/dobble/custom_pics/IMG_3507.jpg,'[{"label":"ghost","type":"rectangle","coordinates":{"x":895,"y":2578,"width":575,"height":605}},{"label":"key","type":"rectangle","coordinates":{"x":633,"y":2079,"width":227,"height":521}},{"label":"snowflake","type":"rectangle","coordinates":{"x":1000,"y":1620,"width":582,"height":557}},{"label":"ice","type":"rectangle","coordinates":{"x":1632,"y":1447,"width":740,"height":494}},{"label":"hammer","type":"rectangle","coordinates":{"x":1351,"y":2057,"width":952,"height":486}},{"label":"flash","type":"rectangle","coordinates":{"x":2171,"y":1786,"width":705,"height":399}},{"label":"bonfire","type":"rectangle","coordinates":{"x":2210,"y":2384,"width":454,"height":622}},{"label":"cat","type":"rectangle","coordinates":{"x":1591,"y":2706,"width":727,"height":891}}]'
/Users/rchaves/Projects/dobble/custom_pics/IMG_3508.jpg,'[{"label":"candle","type":"rectangle","coordinates":{"x":1044,"y":2429,"width":434,"height":471}},{"label":"turtle","type":"rectangle","coordinates":{"x":814,"y":2156,"width":292,"height":455}},{"label":"yin yang","type":"rectangle","coordinates":{"x":978,"y":1682,"width":432,"height":423}},{"label":"carrot","type":"rectangle","coordinates":{"x":1581,"y":1496,"width":680,"height":545}},{"label":"moon","type":"rectangle","coordinates":{"x":1784,"y":1763,"width":965,"height":937}},{"label":"sun","type":"rectangle","coordinates":{"x":1554,"y":2651,"width":481,"height":531}},{"label":"key","type":"rectangle","coordinates":{"x":2131,"y":2656,"width":513,"height":527}},{"label":"snowman","type":"rectangle","coordinates":{"x":2299,"y":2158,"width":472,"height":331}}]'
/Users/rchaves/Projects/dobble/custom_pics/IMG_3509.jpg,'[{"label":"dobble","type":"rectangle","coordinates":{"x":1813,"y":2623,"width":941,"height":1090}},{"label":"tree","type":"rectangle","coordinates":{"x":1109,"y":2784,"width":539,"height":556}},{"label":"locker","type":"rectangle","coordinates":{"x":1047,"y":1503,"width":845,"height":746}},{"label":"green apple","type":"rectangle","coordinates":{"x":974,"y":2152,"width":486,"height":471}},{"label":"snowman","type":"rectangle","coordinates":{"x":2304,"y":2269,"width":501,"height":330}},{"label":"web","type":"rectangle","coordinates":{"x":1580,"y":1846,"width":381,"height":378}},{"label":"cat","type":"rectangle","coordinates":{"x":2151,"y":1721,"width":598,"height":509}},{"label":"bomb","type":"rectangle","coordinates":{"x":1764,"y":1290,"width":312,"height":411}}]'
/Users/rchaves/Projects/dobble/custom_pics/IMG_3510.jpg,'[{"label":"sun","type":"rectangle","coordinates":{"x":1761,"y":2658,"width":930,"height":884}},{"label":"igloo","type":"rectangle","coordinates":{"x":1154,"y":3021,"width":546,"height":369}},{"label":"skull","type":"rectangle","coordinates":{"x":766,"y":2432,"width":595,"height":783}},{"label":"flower","type":"rectangle","coordinates":{"x":753,"y":1701,"width":428,"height":426}},{"label":"zebra","type":"rectangle","coordinates":{"x":1408,"y":2029,"width":399,"height":570}},{"label":"web","type":"rectangle","coordinates":{"x":2281,"y":2083,"width":512,"height":505}},{"label":"ghost","type":"rectangle","coordinates":{"x":1932,"y":1643,"width":391,"height":600}},{"label":"target","type":"rectangle","coordinates":{"x":1298,"y":1379,"width":574,"height":571}}]'
/Users/rchaves/Projects/dobble/custom_pics/IMG_3511.jpg,'[{"label":"clown","type":"rectangle","coordinates":{"x":1567,"y":2857,"width":435,"height":506}},{"label":"bomb","type":"rectangle","coordinates":{"x":988,"y":2487,"width":458,"height":824}},{"label":"dragon","type":"rectangle","coordinates":{"x":868,"y":1807,"width":546,"height":517}},{"label":"ghost","type":"rectangle","coordinates":{"x":1556,"y":2118,"width":387,"height":612}},{"label":"exclamation mark","type":"rectangle","coordinates":{"x":2006,"y":2507,"width":454,"height":437}},{"label":"question mark","type":"rectangle","coordinates":{"x":2275,"y":2071,"width":551,"height":345}},{"label":"splash","type":"rectangle","coordinates":{"x":1937,"y":1477,"width":502,"height":585}},{"label":"carrot","type":"rectangle","coordinates":{"x":1345,"y":1386,"width":489,"height":598}}]'
/Users/rchaves/Projects/dobble/custom_pics/IMG_3512.jpg,'[{"label":"heart","type":"rectangle","coordinates":{"x":1030,"y":1605,"width":376,"height":410}},{"label":"clock","type":"rectangle","coordinates":{"x":1659,"y":1577,"width":519,"height":511}},{"label":"lamp","type":"rectangle","coordinates":{"x":2126,"y":2003,"width":546,"height":374}},{"label":"turtle","type":"rectangle","coordinates":{"x":2245,"y":2446,"width":515,"height":575}},{"label":"flower","type":"rectangle","coordinates":{"x":1317,"y":2128,"width":583,"height":578}},{"label":"splash","type":"rectangle","coordinates":{"x":716,"y":2274,"width":495,"height":536}},{"label":"spider","type":"rectangle","coordinates":{"x":1676,"y":2744,"width":639,"height":635}},{"label":"cat","type":"rectangle","coordinates":{"x":997,"y":2830,"width":388,"height":492}}]'
/Users/rchaves/Projects/dobble/custom_pics/IMG_3513.jpg,'[{"label":"dragon","type":"rectangle","coordinates":{"x":889,"y":2472,"width":482,"height":381}},{"label":"key","type":"rectangle","coordinates":{"x":1313,"y":3107,"width":623,"height":370}},{"label":"heart","type":"rectangle","coordinates":{"x":1771,"y":2734,"width":677,"height":783}},{"label":"dobble","type":"rectangle","coordinates":{"x":2393,"y":2370,"width":560,"height":423}},{"label":"maple leaf","type":"rectangle","coordinates":{"x":1420,"y":2016,"width":697,"height":707}},{"label":"target","type":"rectangle","coordinates":{"x":2365,"y":1818,"width":338,"height":373}},{"label":"eye","type":"rectangle","coordinates":{"x":1862,"y":1407,"width":641,"height":378}},{"label":"dolphin","type":"rectangle","coordinates":{"x":1157,"y":1464,"width":436,"height":538}}]'
/Users/rchaves/Projects/dobble/custom_pics/IMG_3514.jpg,'[{"label":"zebra","type":"rectangle","coordinates":{"x":913,"y":1619,"width":642,"height":544}},{"label":"dolphin","type":"rectangle","coordinates":{"x":1574,"y":1382,"width":640,"height":381}},{"label":"cat","type":"rectangle","coordinates":{"x":2070,"y":1839,"width":801,"height":722}},{"label":"candle","type":"rectangle","coordinates":{"x":1498,"y":2068,"width":428,"height":743}},{"label":"no entry sign","type":"rectangle","coordinates":{"x":824,"y":2267,"width":517,"height":516}},{"label":"horse","type":"rectangle","coordinates":{"x":1184,"y":2749,"width":378,"height":622}},{"label":"cactus","type":"rectangle","coordinates":{"x":1722,"y":2808,"width":360,"height":585}},{"label":"exclamation mark","type":"rectangle","coordinates":{"x":2185,"y":2472,"width":503,"height":484}}]'
/Users/rchaves/Projects/dobble/custom_pics/IMG_3515.jpg,'[{"label":"ghost","type":"rectangle","coordinates":{"x":1948,"y":2442,"width":832,"height":457}},{"label":"baby bottle","type":"rectangle","coordinates":{"x":1319,"y":2645,"width":249,"height":672}},{"label":"candle","type":"rectangle","coordinates":{"x":945,"y":2357,"width":494,"height":376}},{"label":"lamp","type":"rectangle","coordinates":{"x":1295,"y":2067,"width":536,"height":340}},{"label":"locker","type":"rectangle","coordinates":{"x":1860,"y":1903,"width":430,"height":500}},{"label":"sunglasses","type":"rectangle","coordinates":{"x":2279,"y":1729,"width":395,"height":530}},{"label":"pencil","type":"rectangle","coordinates":{"x":1800,"y":1376,"width":560,"height":251}},{"label":"maple leaf","type":"rectangle","coordinates":{"x":1140,"y":1509,"width":564,"height":536}}]'
/Users/rchaves/Projects/dobble/custom_pics/IMG_3516.jpg,'[{"label":"hammer","type":"rectangle","coordinates":{"x":1853,"y":2601,"width":582,"height":430}},{"label":"cheese","type":"rectangle","coordinates":{"x":1248,"y":2533,"width":481,"height":584}},{"label":"horse","type":"rectangle","coordinates":{"x":815,"y":1942,"width":476,"height":283}},{"label":"web","type":"rectangle","coordinates":{"x":1003,"y":1502,"width":381,"height":379}},{"label":"carrot","type":"rectangle","coordinates":{"x":1447,"y":1993,"width":833,"height":450}},{"label":"maple leaf","type":"rectangle","coordinates":{"x":2145,"y":2056,"width":351,"height":351}},{"label":"anchor","type":"rectangle","coordinates":{"x":2043,"y":1574,"width":307,"height":270}},{"label":"clock","type":"rectangle","coordinates":{"x":1540,"y":1417,"width":491,"height":489}}]'
/Users/rchaves/Projects/dobble/custom_pics/IMG_3517.jpg,'[{"label":"clover","type":"rectangle","coordinates":{"x":2263,"y":1948,"width":477,"height":348}},{"label":"song","type":"rectangle","coordinates":{"x":1743,"y":1842,"width":464,"height":560}},{"label":"scissors","type":"rectangle","coordinates":{"x":2011,"y":2440,"width":643,"height":602}},{"label":"snowman","type":"rectangle","coordinates":{"x":1705,"y":2832,"width":375,"height":434}},{"label":"heart","type":"rectangle","coordinates":{"x":1244,"y":2481,"width":536,"height":456}},{"label":"waterdrop","type":"rectangle","coordinates":{"x":937,"y":2208,"width":365,"height":250}},{"label":"ghost","type":"rectangle","coordinates":{"x":1058,"y":1841,"width":711,"height":522}},{"label":"horse","type":"rectangle","coordinates":{"x":1477,"y":1463,"width":407,"height":509}}]'
/Users/rchaves/Projects/dobble/custom_pics/IMG_3518.jpg,'[{"label":"green apple","type":"rectangle","coordinates":{"x":1406,"y":3087,"width":255,"height":307}},{"label":"snowflake","type":"rectangle","coordinates":{"x":973,"y":2729,"width":345,"height":385}},{"label":"spider","type":"rectangle","coordinates":{"x":2174,"y":2608,"width":451,"height":463}},{"label":"exclamation mark","type":"rectangle","coordinates":{"x":1709,"y":2783,"width":271,"height":393}},{"label":"igloo","type":"rectangle","coordinates":{"x":934,"y":2087,"width":408,"height":580}},{"label":"maple leaf","type":"rectangle","coordinates":{"x":1441,"y":2316,"width":522,"height":484}},{"label":"scissors","type":"rectangle","coordinates":{"x":2006,"y":2034,"width":762,"height":669}},{"label":"moon","type":"rectangle","coordinates":{"x":1440,"y":1740,"width":350,"height":412}}]'
/Users/rchaves/Projects/dobble/custom_pics/IMG_3519.jpg,'[{"label":"skull","type":"rectangle","coordinates":{"x":882,"y":2287,"width":638,"height":789}},{"label":"carrot","type":"rectangle","coordinates":{"x":1363,"y":2635,"width":746,"height":398}},{"label":"pencil","type":"rectangle","coordinates":{"x":1412,"y":2058,"width":320,"height":439}},{"label":"flash","type":"rectangle","coordinates":{"x":1816,"y":2166,"width":355,"height":770}},{"label":"green apple","type":"rectangle","coordinates":{"x":2189,"y":2292,"width":345,"height":313}},{"label":"cactus","type":"rectangle","coordinates":{"x":2006,"y":1757,"width":525,"height":327}},{"label":"heart","type":"rectangle","coordinates":{"x":1227,"y":1613,"width":470,"height":469}},{"label":"car","type":"rectangle","coordinates":{"x":1641,"y":1371,"width":415,"height":356}}]'
/Users/rchaves/Projects/dobble/custom_pics/IMG_3520.jpg,'[{"label":"spider","type":"rectangle","coordinates":{"x":1083,"y":1669,"width":546,"height":456}},{"label":"carrot","type":"rectangle","coordinates":{"x":843,"y":2208,"width":502,"height":597}},{"label":"dinossaur","type":"rectangle","coordinates":{"x":1422,"y":2663,"width":615,"height":625}},{"label":"bonfire","type":"rectangle","coordinates":{"x":1499,"y":2024,"width":550,"height":489}},{"label":"locker","type":"rectangle","coordinates":{"x":2023,"y":2504,"width":458,"height":755}},{"label":"zebra","type":"rectangle","coordinates":{"x":2230,"y":1888,"width":384,"height":449}},{"label":"eye","type":"rectangle","coordinates":{"x":1997,"y":1492,"width":374,"height":314}},{"label":"clover","type":"rectangle","coordinates":{"x":1556,"y":1341,"width":301,"height":300}}]'
/Users/rchaves/Projects/dobble/custom_pics/IMG_3521.jpg,'[{"label":"dolphin","type":"rectangle","coordinates":{"x":2170,"y":2451,"width":304,"height":360}},{"label":"sunglasses","type":"rectangle","coordinates":{"x":1584,"y":2520,"width":591,"height":257}},{"label":"flower","type":"rectangle","coordinates":{"x":1761,"y":2951,"width":369,"height":387}},{"label":"dog","type":"rectangle","coordinates":{"x":869,"y":2671,"width":465,"height":515}},{"label":"waterdrop","type":"rectangle","coordinates":{"x":691,"y":2038,"width":374,"height":238}},{"label":"tree","type":"rectangle","coordinates":{"x":1176,"y":1978,"width":722,"height":747}},{"label":"carrot","type":"rectangle","coordinates":{"x":1988,"y":1776,"width":815,"height":448}},{"label":"snowflake","type":"rectangle","coordinates":{"x":1469,"y":1467,"width":261,"height":258}}]'